{"A": [0.0079824031805915, 0.0088115210012379, 0.0055194833122087, 0.0054675030950165, 0.0048972800625437, 0.0044245595532056, 0.0026657166640055, 0.0025711091423335, 0.0025297283948733, 0.0011107681572164, 0.000466300810689, 0.0002983094691961, 0.0158616995132439, 0.0122871368990398, 0.0098271737262151, 0.0092880913894529, 0.010148934270301, 0.0101233420405503, 0.0094281182294908, 0.0077838044428424, 0.005934317575761, 0.0059686253994132, 0.0046290420501927, 0.0044773973341823, 0.0043510308686404, 0.0042751031873414, 0.0034028029123966, 0.0017840533612512, 0.0015439503902188, 0.000671525536023, 0.000413969272875, 0.0005189755408224, 0.0004786908312136, 0.0004483436703596, 0.0002696869270732, 0.0002395766833867, 0.0022078370041452, 0.0027412713731527, 0.0032982720839996, 0.0034705670814363, 0.0035750696152173, 0.0037619337705997, 0.0038159854704115, 0.0040496720557953, 0.0038483069164937, 0.0040251091250592, 0.0280781049986625, 0.0283783697792486, 0.0194199142162798, 0.0278994283788717, 0.0190699087391334, 0.0259705636226268, 0.0003394181323902, 0.0244911607078509, 0.0072275592649702, 0.0012069486863219, 0.0029565663615343, 0.0251970291517907, 0.0034584399633755, 0.0019240070314276, 0.0001544789597299, 0.0224299439491053, 0.0005278943417085, 0.0042562967210378, 0.0115712535318243, 0.014585912720027, 0.0061917467450175, 0.0006672205108128, 0.0113759706751705, 0.0026060268077698, 0.0024173032128886, 0.0066605423493485, 0.0118977243260528, 0.0042222950093601, 0.0049941936523298, 0.0050165990148216, 0.0040764365726806, 0.0106342984662913, 0.0027956133406145, 0.0051702152787222, 0.0081888226114325, 0.0004145903764274, 0.0002944780726662, 0.0005889568389483, 0.0048352573703711, 0.0003628340847137], "dA": [0.00017119067311555016, 0.0001701902374135495, 0.0001613388531073001, 0.00016956955201090015, 0.0002702208170491001, 0.00017566804239935, 2.7305520262549876e-05, 0.00017718383238024982, 2.7701324887749934e-05, 7.945778713704999e-05, 2.717733386284999e-05, 2.17676542993e-05, 0.00022520018075859911, 0.00024342548979439972, 0.00017912381007385066, 0.0002576261389325499, 0.00020238202075020025, 0.00020754297988130003, 0.0002707151234157502, 0.00013060298190155015, 0.0001368952564877999, 0.00023668083789914977, 0.00014921648020829997, 0.00014852460739069994, 0.00020925970955170022, 0.0001358621290904003, 0.00016758931559684997, 9.817784211720005e-05, 0.00014349944024344993, 1.2094355987199987e-05, 1.569562692774998e-05, 2.983857662555001e-05, 2.33467536346e-05, 2.6880237495200006e-05, 1.742967831744999e-05, 1.6708636861950007e-05, 0.00017488255683315002, 0.00011008126020114984, 6.316672332034993e-05, 7.785857010539983e-05, 7.915290919149995e-05, 7.234870129129984e-05, 6.003042061985013e-05, 0.00010008221804529973, 6.172835965319984e-05, 7.187719743604985e-05, 0.00032809205848714947, 0.00032466973416969865, 0.00023646659930010028, 0.0003392064568026494, 0.0002235679301861998, 0.00024619721895075, 8.700553629150006e-06, 0.0002944510522438007, 0.00013105112188130028, 5.7335783059849973e-05, 5.057885085305003e-05, 0.000268670623120899, 7.081356536930007e-05, 8.337660728255012e-05, 1.9290646789649996e-05, 0.0002823651180684991, 1.2494458342250051e-05, 8.773597948930024e-05, 0.0002292741702092007, 0.0003060859902649501, 0.0001365584222977, 1.0873677055700027e-05, 0.00023528391103470013, 0.00011635568872324993, 5.16096253644501e-05, 0.00014302901837965004, 0.00026139288226235003, 8.147103905854986e-05, 0.0003204458300642998, 0.00014679359601225007, 7.855128025494994e-05, 0.0001588649092781995, 7.302580581399994e-05, 0.00010465536109460034, 0.00020026020674399937, 1.064958351435001e-05, 1.0896640733649987e-05, 9.912487528700024e-06, 0.00013442979673420003, 1.8546527423150003e-05], "phi": [4.7612731621566375, 3.1108627557555337, 3.5975992266096934, 4.152721881380872, 4.786694051056681, 3.4887277932794234, 5.489034090557752, 4.110235881631684, 4.784447233784919, 5.673804659834097, 6.9386823000027675, 7.093127076588701, 3.9271862610235324, 5.228717690307988, 4.65686871998154, 5.20280351097556, 4.332010125181142, 4.4728763605472555, 5.069197707904554, 4.381909279247331, 4.418454657489196, 5.452678364701473, 4.8308968938014, 4.966093649600268, 5.3178341463058985, 4.480191249300669, 6.085681101247792, 5.4920151068758045, 6.297285984132351, 5.539326193740291, 7.871927299523719, 6.416786250049942, 6.887654661192549, 7.227280543417745, 6.720091803524948, 8.844281268417747, 6.031051139819731, 6.407873716989094, 6.802916348063224, 6.867165384840497, 6.98561086153703, 7.138532479677375, 7.214738526094988, 7.515995921591912, 7.307400944544175, 7.607783073832739, 6.288474208400178, 6.658274595679677, 6.610119206845205, 6.32063645810869, 6.221105904384534, 6.19487637098684, 10.934026324614042, 5.426268131717813, 6.466183730776807, 8.177013035863368, 7.307539035244574, 6.520024495952802, 6.484584161427366, 7.800831090155434, 11.251800094154675, 6.017383733981627, 8.261987267533534, 6.255743136196273, 5.898134346938356, 5.036699605643442, 5.044023569101057, 6.64727523608816, 3.6613007144571554, 6.565959835827442, 7.677628368934075, 4.214171485647212, 4.760372619685274, 6.5989179633445385, 4.723715374622696, 5.09818179540923, 2.996234385248883, 3.9951645814408385, 3.1432226212688175, 3.367313088790983, 4.9071587970373365, 6.5864096955726055, 8.096137452527174, 6.935537654996553, 4.075789455165008, 6.140364406097515], "dphi": [0.043799276854551206, 0.03241198198007744, 0.04065301214829442, 0.05338983217351423, 0.03887094356208465, 0.07328503963489741, 0.04139733564802245, 0.08103637004183817, 0.027556337864434344, 0.13372737138713653, 0.06364131850659493, 0.16086678413503108, 0.03111834538487024, 0.03282586633083451, 0.03692590448367605, 0.0403601528836699, 0.034474267005319525, 0.03476897097288312, 0.039937836798116244, 0.027010068364966555, 0.03390298372753797, 0.049497930017645686, 0.06315045208672143, 0.05237655128883478, 0.07494952439830094, 0.048262714727817846, 0.10356058011092628, 0.11714621704337524, 0.12380251756907512, 0.01695917420281301, 0.041432855076424246, 0.039829678655149525, 0.0792529980788057, 0.035879840166344934, 0.035641065087784085, 0.08879219199355592, 0.08507886685839594, 0.08161562369032183, 0.03837585269331534, 0.026055575685964616, 0.02571558082529246, 0.023733781600054904, 0.01917536308648371, 0.016773722446146166, 0.029715797438240488, 0.01929082667709106, 0.032824624128789726, 0.03346066909873091, 0.03639847325799617, 0.03343971025432624, 0.037506966719335066, 0.03406818228047585, 0.02644183923168253, 0.03743063603375363, 0.03666978370047769, 0.0680808066021843, 0.04500255816005616, 0.03349204917232684, 0.02354911990506814, 0.09779808941009627, 0.12201080334358405, 0.03716001917671341, 0.03438102703046475, 0.020832007251696538, 0.02675267073120935, 0.021411412021201226, 0.016688425652536587, 0.032063979118026165, 0.017302026979113982, 0.07645207702636014, 0.03200194827495029, 0.019968755436747365, 0.02991439528360207, 0.0235759444471546, 0.10242616918690217, 0.09558485721693089, 0.03211962582449868, 0.026928551299462145, 0.035708621657552175, 0.03960283808570342, 0.025394552773883916, 0.025239950546798617, 0.02491954519992312, 0.015495298311551692, 0.05430980304189806, 0.05259673755550498],