{"A": [0.000956916390872, 0.0004421337694889, 0.0012926505107285, 0.00065011539894, 0.0002185376464627, 0.0004925094818444, 0.0016050481350741, 0.0008152451903754, 0.0005306891018989, 0.0002652647122612, 0.0001270578906173, 0.0003549800490062, 0.0002030078637241, 0.0023849521831963, 0.0009424193294475, 0.0009309352457375, 0.0006696392516119, 0.0012084612024053, 0.0010171867646046, 0.0006819932194447, 0.0007384785441066, 0.0005950066157796, 0.0003389341741965, 0.0005012005056461, 0.000184266590215, 0.0001890241040141, 9.776765609199618e-05, 0.0002211399912645, 0.0001795502109507, 0.0002782366785975, 0.0003062464301576, 9.195600293021113e-05, 0.0054046709677005, 0.0050699784864899, 0.0027882901075849, 0.0052445296410403, 0.0029135755179248, 0.003965136969681, 0.0028497585105884, 0.0038900909125427, 0.0006507739710922, 0.0001416976746602, 0.0043171690328638, 0.0042035160593514, 0.0001808002531341, 5.998626895489796e-05, 0.0034371659868094, 2.2462574763706186e-05, 0.0002735751766056, 0.0009237233537749, 0.001211598008224, 0.0005675470991386, 4.169057211804702e-05, 0.0017014301654792, 9.233257114708816e-05, 9.451970130311044e-05, 0.0007879020802997, 0.0010061255068398, 0.0002517553056576, 0.0003126698921178, 0.0002904396959161, 0.0010924048111103, 0.0011322180848439, 0.0011694504193728, 0.0011582648957999, 6.582438057482869e-05, 0.0008535113017321, 0.0008128200968866, 0.0001134490704064, 0.0006228383284154, 0.0002327078227509, 6.878895766953458e-05, 0.0001291886857074, 0.0007279624243871, 0.0005596482810631, 0.0002219548635481, 0.0001693673456651, 0.0004849016341621, 3.6553741435778096e-05, 2.9572463047183568e-05, 6.96380932290462e-05, 4.126947401503139e-05, 0.0001689795920054], "dA": [4.5744282665150036e-05, 7.060990083250008e-06, 0.00011139594336969998, 4.613776552740001e-05, 6.316621297750001e-05, 9.287759739250021e-06, 5.970933270900002e-05, 4.5420448870850004e-05, 1.1717876390850038e-05, 3.748633048599999e-05, 2.546244655245e-05, 2.8203260425549995e-05, 1.6808214992299997e-05, 5.098350540425002e-05, 5.832687164554994e-05, 2.4564735914000017e-05, 5.1013922000750034e-05, 4.2866299214600057e-05, 4.023862665809998e-05, 2.3789935656350005e-05, 2.281476567400002e-05, 1.8301384647100005e-05, 1.0462977053100003e-05, 2.2949502230700035e-05, 4.115759847945e-05, 1.6336052204099998e-05, 2.9573318475568125e-05, 3.9242164004800004e-05, 7.985142700870001e-05, 4.1719493821e-05, 6.388892877445e-05, 1.9016932693334284e-05, 2.4391473141900134e-05, 3.958445308745e-05, 3.01863213271001e-05, 3.2483144443349894e-05, 2.9034042991450074e-05, 0.00010977202850809991, 2.6814377244900036e-05, 9.880528716299996e-06, 4.5049297594850044e-05, 3.37820405632e-05, 0.00014206657544515002, 0.00012134269195014993, 8.111117874149993e-06, 6.550803744579982e-06, 3.3973293492700054e-05, 6.792305127442119e-06, 1.6452814042100002e-05, 1.1591940110749967e-05, 1.4198959022900036e-05, 7.672378453699982e-06, 9.21351435408743e-06, 5.0976008979599936e-05, 1.8995774561707847e-05, 7.337759142552525e-06, 2.176104094359999e-05, 4.041825437949963e-06, 8.261975431250008e-06, 1.3582429123349993e-05, 1.5003777488649991e-05, 2.522880104434996e-05, 2.3115767497000075e-05, 1.0347324364950007e-05, 1.8564285858699986e-05, 1.5375487747869753e-05, 1.9232986835749993e-05, 1.2708338044900016e-05, 1.6915809382087085e-05, 7.116783361400044e-06, 1.7363396138049992e-05, 1.8874253127622334e-05, 1.6570948441000005e-05, 1.894439598404998e-05, 1.9962229475699994e-05, 3.155549179375e-05, 9.718861554399997e-06, 1.9015935047400016e-05, 1.5834266201444817e-05, 1.263595713895044e-05, 7.0675660681504585e-06, 1.1222872599212588e-05, 1.648828592135e-05], "phi": [2.7421560050398313, 3.730891580605789, 2.4042207952910353, 2.9652088820117113, 4.122444557770873, 5.668727671969517, 3.404229120467331, 4.040824188510175, 4.81049270518016, 5.368135927026952, 6.607860323022084, 4.321034012552246, 4.771985717654559, 4.922427000236404, 6.85451378044684, 5.989396195639344, 6.752419022449704, 5.3966429228146175, 5.585164340795995, 6.4797245180274565, 5.284703168720817, 5.315344155742483, 7.0306403140523095, 5.339821663278098, 7.836498930279063, 6.303364451556082, 6.031628531212618, 9.367305847229169, 8.8617530910726, 10.348408872959197, 11.062667249818645, 5.3897000943346285, 9.175489510278513, 9.777122054259259, 9.703061466939758, 9.234723554017453, 8.91983641827912, 8.966522617707884, 8.787593039148618, 7.643852120879309, 9.193431463639726, 9.845800481949084, 9.49876104454681, 8.818300626875107, 8.585963114230001, 10.93070274258909, 8.668958157211808, 10.522830912830326, 8.523769864160869, 8.412228753805493, 6.841025189213802, 6.5112495991676305, 7.631064328159077, 4.393806460313257, 8.814865727633908, 11.011525812822367, 5.081924074068201, 6.140217522880725, 9.094547405331323, 5.4588603699552145, 6.1618904418927976, 3.1110232182470483, 2.907990028381109, 4.906992296398869, 2.614920665337099, 5.927367359041892, 3.271802937984834, 3.5933486455765724, 5.8982303919694985, 6.335948958992358, 4.7917840081314225, 6.382381778306563, 5.093058305253237, 3.1113243875924823, 4.656403041565387, 4.477692586762942, 4.76736423508402, 3.5612581124539346, 6.405766688415241, 6.573208109418147, 5.798064668706758, 5.5770217416394985, 4.370966250838297], "dphi": [0.09780980449110288, 0.025983142756562216, 0.18621997748294206, 0.09230868275319937, 0.31271951577341817, 0.01636246258305274, 0.045527488298280794, 0.08026262739197154, 0.04023649321257139, 0.05155420525868415, 0.18994910435929135, 0.1251782326476838, 0.11858828621515549, 0.03194435445152877, 0.04362515680017243, 0.029997083285214998, 0.08253856546338945, 0.03493114153958743, 0.060185672928009026, 0.02962594711020028, 0.027773091244956305, 0.03188993210088942, 0.018025202270101737, 0.04444896273531462, 0.2653205100067151, 0.08507443794286207, 0.2793854929889683, 0.2967357955053762, 0.12012498728183552, 0.1634928236740869, 0.19937341924612717, 0.14879193662975254, 0.009532380685494779, 0.009437710818309242, 0.014320892622111003, 0.0075607991868258395, 0.00603283995460524, 0.03338906968333433, 0.013530113144271105, 0.023588122724717664, 0.06976292136706164, 0.16152329854842495, 0.0359408243205257, 0.03169034187579012, 0.04768605459546382, 0.06326298473752168, 0.016773199488206103, 0.27985680331706586, 0.05191091281674254, 0.009509376713347173, 0.0091491372882615, 0.012719819949277067, 0.1406174266762079, 0.027622437135531364, 0.09375092386385919, 0.0607841419627313, 0.023064924629813355, 0.007846828054707267, 0.015157847345193431, 0.05279113935171775, 0.04625281912640844, 0.04016380129939101, 0.03751840284660091, 0.015590293498278562, 0.045477586215152854, 0.17941126026131293, 0.026486563702889043, 0.03173368441738411, 0.1427340253887639, 0.014362489595530548, 0.048243394269762874, 0.2586402389927951, 0.1252721148337388, 0.04085265102244229, 0.04761952299515304, 0.17351818286815401, 0.06304422048246394, 0.071560040199385, 0.2687274942180462, 0.3149761086892493, 0.11107069776521072, 0.18333393286061295, 0.07007524109254604],