{"A": [1.6851271506406105, 0.8773058536258921, 1.3235560441662024, 0.9803149037744708, 1.3568957769485843, 1.0767820316772108, 1.045583324811406, 1.12407485499722, 1.2181989221484977, 0.9025284788964428, 1.3764891595341582, 1.1883321071940212, 0.4918140229730149, 1.26850867376734, 0.5995603203985181, 0.804092979204225, 0.3961018463748514, 0.8166827229844064, 1.0681415623935562, 0.9696931214905876, 0.9532938361537204, 0.926670057198006, 0.8783684750196512, 0.82204184088424, 0.8499329640315694, 0.8829952319811635, 0.7669140085210538, 0.8374538326644873, 0.7757660101895854, 0.6155720631209107, 1.2536498450133555, 0.956507955000104, 1.5100550158767014, 0.8048509684552558, 1.2520180600935331, 0.5397265248222046, 0.7038462687330957, 0.7127904929119542, 0.9360777977998844, 0.4998059298775965], "dA": [0.12037930584158041, 0.06641911176071774, 0.07361773010234607, 0.024074001848992277, 0.12217631128653283, 0.0494270037383181, 0.07026841271237683, 0.07870146981050885, 0.08017956661931935, 0.05969881232373808, 0.10964448774611069, 0.09821599513003365, 0.014118231304554474, 0.10682569997619484, 0.027701483794793536, 0.049415701075972485, 0.019001875559739062, 0.05065719394133056, 0.06735734546907257, 0.021525732555882193, 0.01989010702875621, 0.02625719664683901, 0.014460739449693227, 0.02201403255489781, 0.0230793375809053, 0.04543659658614768, 0.03131621574453253, 0.030951770381772048, 0.039821142318882397, 0.029745369172465563, 0.08826323707863215, 0.022209096683211416, 0.12403482993358106, 0.06152061541679188, 0.06230306493546223, 0.03205498893026887, 0.045638376921461776, 0.03878791628204398, 0.0659382205145046, 0.03437195736148163], "phi": [3.4349395337299278, 3.555919220685074, 3.106598274522397, 3.194973378533866, 2.8312534875579676, 3.393573863452465, 3.3203047350244983, 3.2026118130193897, 3.2159695594004845, 3.249891632115581, 3.075487845073445, 2.7813349395031928, 3.0361077340897946, 2.913904182874409, 2.892984604328324, 2.7529633218818454, 2.8711059998419124, 2.5802907026743926, 2.9262428186466956, 2.9786211837766547, 2.9663949848945066, 2.965315721717101, 2.9704171352398863, 2.9810262081088483, 2.908702308670978, 2.111793695955231, 2.652888255428648, 1.947355378208881, 2.453573418403314, 2.8169225675761327, 2.8959174283794944, 3.0379930502698516, 3.2924194949494083, 1.911789413764406, 3.5733965419596476, 2.8510075077215458, 2.533013042315606, 2.8314134367824844, 3.423701687382227, 2.9296445931914032], "dphi": [0.12946705394798586, 0.11864475591858525, 0.07057564240417902, 0.05120746634143858, 0.03126104925407236, 0.15761161110671912, 0.15672091819567058, 0.15849426943598743, 0.1643166410709287, 0.1541923244115404, 0.1993968766952774, 0.1746848730535029, 0.0903203312719676, 0.0795436800959361, 0.07266813873752964, 0.08996925478835804, 0.09171118325152738, 0.09024809102727893, 0.133008846374572, 0.19416331945296594, 0.1690941132140953, 0.16676877579193938, 0.14662603634508198, 0.13309174140286406, 0.1268571888071277, 0.05623891285655902, 0.1916852536953002, 0.07072382232103674, 0.15706821869496168, 0.0442863052246244, 0.17343294655010677, 0.17333250307650705, 0.1739122448690913, 0.20582194085160477, 0.1331541573631354, 0.08249019822698189, 0.06298300404610235, 0.08076029849025002, 0.17371283390973957, 0.0832512385932147], "eta": [0.22223192633869288, 0.22222422828269764, 0.22224377328807352, 0.2222233048474906, 0.22223829885447377, 0.18750504743836632, 0.18750213981020702, 0.18749523051977107, 0.18750217308741227, 0.18752198996533678, 0.18752293904294318, 0.18750545163418092, 0.18752320222294058, 0.18753018236822935, 0.18750220400561873, 0.18750222154887997, 0.18750457259683118, 0.18750640903931504, 0.1487605466805825, 0.11555588744309257, 0.10937534308995821, 0.10380657784678467, 0.09418320926340516, 0.08616819397788474, 0.08264502420740191, 0.0987957502078863, 0.09878213515969984, 0.09877373374839847, 0.12728143028303635, 0.1586761704825951, 0.1648545063902607, 0.11510197682612308, 0.21374493713457074, 0.21238221797911636, 0.20883606483619652, 0.18462677412381573, 0.16690688569712878, 0.17381350348152536, 0.21455260062498388, 0.2229286884377108], "chi_p": [-0.29757207499943167, -0.5999839922845871, 0.035755203753891567, -0.09999188788987837, 0.36904075274172954, -0.49950782283535594, -0.2999555843228775, -0.2249763748155444, -0.14998811040374688, -0.4138983548131352, 0.03895903413391194, 0.1500167380312986, -0.03888179782577406, 0.41393365599052295, 0.14999033081948704, 0.29995745068676327, 0.15006458838374723, 0.44995029656117913, 2.2469843750935907e-07, 6.221220412169272e-07, 6.768990251356199e-07, 6.993538606425063e-07, 8.564492608706985e-07, 8.921146069142334e-07, 8.661891678121988e-07, 0.5132212021600948, 0.16931448099112037, 0.476284152672268, 0.23651524778219982, 0.093303337443314, 0.11632995175961006, -0.08815309736234708, -0.14073833387023274, 0.6019038616974611, -0.5966263475602321, 0.16861126849222796, 0.32964967013721047, 0.19420140524403678, -0.44760359008333755, 0.18974604321563812], "chi_m": [-0.8640822054550656, -0.20005765459681263, -0.5307942098157227, -0.2999556595463661, -0.19748805419358814, -0.24979766808500006, -0.14998877351925066, -0.2249765483590218, -0.2999566345437813, 0.010836815882669533, -0.38594401061873984, -0.149923779469275, 0.3858880082194892, -0.010931642081623715, 0.2999562445669082, 0.1499894362472511, 0.44998073614310263, 0.14999581321231456, 1.1818400059424066e-07, 4.748260757013783e-07, 5.313025592031006e-07, 5.591268115830256e-07, 7.040026765746207e-07, 7.465736343253426e-07, 7.236363766323988e-07, 0.3469710535904507, 0.3363423357739505, 0.5825080968382429, 0.4572109150993672, 0.409553088514238, -0.2165597661114249, -0.002540662512213008, -0.6358101102187449, 0.11252862281213769, -0.5276950191455156, 0.36439956399136125, 0.343850104591561, 0.27112737208193033, -0.2050122380944004, 0.13691917629159198], "q": [1.999737988853292, 1.9999458363671456, 1.999418121200116, 1.999970769117752, 1.9995659309201184, 2.999838485233155, 2.99993152665945, 3.0001526262791747, 2.9999304618072524, 2.9992963829938324, 2.9992660179670194, 2.999825551510245, 2.999257597761034, 2.999034280793352, 2.999929472441967, 2.999928911067546, 2.999853679577611, 2.9997949159993498, 4.499989727447444, 6.4999745427880296, 6.999970723079519, 7.499966981622895, 8.49995612788066, 9.499946405694455, 9.99994142027153, 7.996843534653579, 7.998260783640854, 7.999135513668829, 5.680566846294914, 4.055568997401166, 3.8030049337343, 6.534924127566614, 2.2300536900376384, 2.267472424788338, 2.365745150654436, 3.0930243607618904, 3.722745616269038, 3.464664708053014, 2.2079536463257314, 1.980924631063445], "chi_1": [-0.871278761122, -0.600036651953, -0.371315271613, -0.299962121951, 0.128673834147, -0.499543717859, -0.299964616889, -0.299964800386, -0.29996490158, -0.268723451925, -0.231337470049, 6.19732756504e-05, 0.23135178926, 0.268689637723, 0.299966146612, 0.299966368345, 0.400035094305, 0.399970909169, 2.095393547e-07, 6.32855013315e-07, 6.90401266281e-07, 7.13139416956e-07, 8.72017732937e-07, 9.05591356723e-07, 8.74404515105e-07, 0.483879364475, 0.284438831601, 0.595577791993, 0.407924431624, 0.313424005219, -0.0632926200764, -0.0522860392989, -0.56238403105, 0.514755640904, -0.799785891291, 0.352668790712, 0.427207286842, 0.299817896511, -0.474095398048, 0.245785322589],