{"A": [0.4696386130296108, 0.6671280665921057, 0.6572618526509443, 0.7414149456322877, 0.855298893952903, 1.057177884603812, 1.128201988428158, 1.7339796796186848, 1.4790246767588338, 1.929895566380863, 2.2543612380814446, 3.561186716226372, 2.051531304057868, 0.545452962973346, 0.5653514953374544, 0.5488316418688142, 0.6272267787914946, 0.577757816538944, 0.6397077703976677, 0.7079988281198365, 0.7119892360447908, 0.8101610226011225, 0.8615207560416868, 1.2650954533933103, 1.4023811328866125, 1.417735346329854, 1.6652494982007282, 1.8571520901496887, 1.983107884135872, 2.091710554930396, 2.220047850808964, 2.6075086829713854, 2.7168424922878005, 2.55852910486852, 4.577297277153559, 0.7317430117715928, 0.733949688199727, 0.6587943831128862, 1.7650122261195451, 1.0497321824778654, 0.754625499320882, 2.639498432126296, 4.511967567264778, 0.8770669708875153, 3.819779109315829, 1.00755810269431, 2.876450777493189, 3.796906629419896, 2.1538832743301164, 1.3461980689814372, 0.7990613534438198, 0.5667947362344812, 3.644492658405168, 0.800050474276314, 1.429109317783241, 3.503684822878642, 0.5119571016324337, 3.605485075274782, 2.5116773388761966, 0.9736744607462908, 3.404494782887693, 0.8680877462838932, 0.6405646743002635, 0.5393139203317366, 2.469548347790603, 0.8250810493937442, 0.4286799956091747, 1.5651717594890724, 0.6033787694905962, 2.327018898666401, 2.9826273868146447, 0.5030754957493213, 2.4312899395469856, 0.3751531197552872, 2.211309328358652, 0.6267621569601266, 1.3778014744682008, 1.866664534977427, 1.31124518998697, 0.5827298354769246], "dA": [0.0077704643752952995, 0.03125796506143874, 0.01729832964704664, 0.01653078516569506, 0.021808712589297508, 0.016620839621878547, 0.09220443985398025, 0.06953433282081667, 0.0669115169308665, 0.05141118733534622, 0.06453759568472117, 0.028923405877168573, 0.08381470865208862, 0.023840727803038753, 0.018288754739172908, 0.032949227025425076, 0.03357539755437039, 0.028648898049959903, 0.02526496470750328, 0.023339501225896675, 0.03505013221557779, 0.04114036401236926, 0.03035195415427472, 0.04681902542713112, 0.10884189011496281, 0.06220951929343144, 0.12301947183719308, 0.031076238648659937, 0.0979273098155492, 0.09506410605632187, 0.055940995237126145, 0.0678745350707779, 0.059874855310365405, 0.06915942491573501, 0.030652214027242497, 0.03265370148933944, 0.02701344914501197, 0.038414114167249325, 0.0638406647642138, 0.04851781233053287, 0.04661790197306065, 0.03635113449912497, 0.05118273824493169, 0.025159771443233947, 0.037042847568243165, 0.024983357603642786, 0.036262803184554215, 0.05869426035393399, 0.06654762918952195, 0.04113881097184313, 0.027663114182968462, 0.009078253651662926, 0.036915847126559154, 0.03191951394160569, 0.05394906539255229, 0.0250361194838149, 0.043714960796756436, 0.024858118455222344, 0.10749000784110319, 0.014476359501637226, 0.014785131767021564, 0.018048376836300395, 0.02966892435643176, 0.02238432892320208, 0.04379718332988114, 0.03590754081972025, 0.01075017932392941, 0.09249732365553509, 0.026313244455973495, 0.08647911519198082, 0.07020050383768517, 0.04348837365839445, 0.024488759788291015, 0.016935837927762237, 0.07276846042706131, 0.03172693587749559, 0.013152266893810771, 0.10553946694197525, 0.0792323502183675, 0.031704595945838965], "phi": [5.431769611557449, 5.346386695572885, 4.926664018459018, 4.897831858045264, 5.155283418714113, 5.176789783190794, 4.663112530194937, 4.843644434628869, 4.662118367292098, 4.4463008010829075, 4.624391071003135, 4.560417436532504, 4.221275187521465, 5.1649517986104385, 5.048853769204403, 5.137788854700279, 5.031076503575334, 5.027342802300831, 4.9602172478627935, 5.084590139139813, 5.015964578993687, 5.111559857012583, 4.951997480560478, 4.715435779004631, 5.006078317553708, 4.796555799897254, 4.882709506155582, 4.843861087555391, 4.7873775459891075, 4.774708036127832, 4.594084109198633, 4.489804311673105, 4.551744694862039, 4.442116998594635, 4.499745190587948, 4.898022785410229, 4.84987995632417, 4.757856999265305, 4.564681394092342, 5.0412558874725235, 4.98428640897821, 4.6836157147739215, 4.480983431139222, 5.072445277442017, 4.359875278218414, 5.060472052488558, 4.550605944138605, 4.457849247722599, 4.39619117562134, 4.881831947089325, 5.078207451185288, 5.210285664335157, 4.540182796764407, 5.1006495185279075, 4.529851948050069, 4.41973159831837, 5.047566121586637, 4.54009736105672, 4.653376347866917, 5.016688032276522, 4.590615124392, 5.081456842078915, 5.012021530939737, 5.131318759306886, 4.596173487977836, 5.097627802385906, 5.642450103607973, 4.562998665007655, 5.272944397505968, 4.636356445547683, 4.5683188807635675, 5.141981565294882, 4.430011903805585, 4.875728003545256, 4.529037061552742, 5.080684830744126, 4.833925107086481, 4.629041807835707, 4.892363320577559, 5.061880106827212], "dphi": [0.03738207548541661, 0.03637065136700324, 0.046377962634544856, 0.06373735435764893, 0.02684090137591555, 0.03546182453060487, 0.15504862992541435, 0.11464482962305533, 0.06121506810705557, 0.04370051969488564, 0.08127790771383525, 0.040447890068207926, 0.14132065239472036, 0.16808463355832237, 0.03755623667470065, 0.10665255209321112, 0.06390811684121966, 0.07662224588783761, 0.04736320569027552, 0.01801604043284233, 0.02208317262188797, 0.02842441821250974, 0.013346562487875802, 0.1091040971738868, 0.047160764002354916, 0.06952519191829065, 0.06057901023428336, 0.030658422746323577, 0.04189301499764708, 0.048399983735075036, 0.06379953786816239, 0.06388884894781599, 0.046490142029994797, 0.09893615774500852, 0.0612317496084005, 0.06024956131014214, 0.09669492954469014, 0.10386474659896994, 0.15344568695990501, 0.044807576547174044, 0.056815065825840394, 0.06602114600079734, 0.04076597131977122, 0.027190192826142323, 0.04653884988041046, 0.026041251061522774, 0.07361056143615219, 0.04912668928341635, 0.06838802035308245, 0.013927995883218136, 0.015343029165754599, 0.04498271918019969, 0.008477320644954212, 0.1111548703027454, 0.06633280754212656, 0.020482901946329513, 0.03269236910164164, 0.004404146454884295, 0.03918054392790982, 0.054145965716364985, 0.011647453186378165, 0.013459056861941154, 0.01359363213030007, 0.04254146648513801, 0.09073743478317997, 0.029131518838728887, 0.03747177143132707, 0.04721934149936935, 0.032474283737785825, 0.08513774431790022, 0.027868564152166098, 0.045104823612860834, 0.03540823473676458, 0.10863560958278964, 0.06941033333300695, 0.021806632203236642, 0.01055758323578293, 0.11075061371449468, 0.034004652774825894, 0.027253679901328987],