{"A": {"2.2.0": [[0.0, 0.0, 0.0, 4.004136304106251], [0.0, 1.0, 0.0, 1.3494312343194603], [0.0, 0.0, 1.0, 0.33304721961909944], [2.0, 0.0, 0.0, -1.3248823875362192], [1.0, 0.0, 1.0, -1.3686366194756774], [0.0, 1.0, 1.0, 2.621545445735783], [2.0, 1.0, 0.0, -32.74453800936191], [1.0, 2.0, 0.0, 4.3132946086702315], [1.0, 1.0, 1.0, -25.183917682141804], [3.0, 1.0, 0.0, 83.36838564979537], [2.0, 2.0, 0.0, -13.393807290186459], [2.0, 1.0, 1.0, 58.00972636314447], [1.0, 3.0, 0.0, -0.3836605022742832], [0.0, 4.0, 0.0, -0.20752301737061765]], "-2.2.0": [[0.0, 0.0, 0.0, 0.0016567825749920183], [0.0, 0.0, 1.0, -0.07586426884354927], [1.0, 1.0, 0.0, 0.17616729339866322], [1.0, 0.0, 1.0, 1.3576708655300291], [0.0, 2.0, 0.0, 0.11033868616241156], [0.0, 0.0, 2.0, 0.13612983297585246], [3.0, 0.0, 0.0, -0.03407246229467067], [2.0, 1.0, 0.0, -2.1467723829719647], [2.0, 0.0, 1.0, -7.814220202036848], [1.0, 2.0, 0.0, -1.3341510075871266], [1.0, 0.0, 2.0, -1.295386740635012], [0.0, 3.0, 0.0, -0.09387366410005916], [0.0, 1.0, 2.0, -0.016741856952271688], [3.0, 1.0, 0.0, 5.869720757469546], [3.0, 0.0, 1.0, 14.405286322607473], [2.0, 2.0, 0.0, 3.323469366723353], [2.0, 0.0, 2.0, 2.9482901776403], [1.0, 3.0, 0.0, 0.14273322283283], [0.0, 4.0, 0.0, -0.03697531738381259]], "2.2.1": [[0.0, 0.0, 0.0, 15.455368388038412], [2.0, 0.0, 0.0, -406.97808546261797], [1.0, 1.0, 0.0, 55.42668678648362], [1.0, 0.0, 1.0, -413.5314095391416], [0.0, 2.0, 0.0, 14.820101130881852], [0.0, 1.0, 1.0, -65.07757984098559], [0.0, 0.0, 2.0, 17.99401526491108], [3.0, 0.0, 0.0, 1730.966534507386], [2.0, 0.0, 1.0, 4244.953759366885], [1.0, 1.0, 1.0, 876.8070274974581], [1.0, 0.0, 2.0, -72.06362726274259], [0.0, 3.0, 0.0, 11.461953333116059], [0.0, 1.0, 2.0, 101.15216623855936], [0.0, 0.0, 3.0, -2.499495864294242], [3.0, 0.0, 1.0, -10309.211892084373], [2.0, 1.0, 1.0, -2484.56107118199], [1.0, 1.0, 2.0, -399.9877228660321]], "2.1.0": [[0.0, 0.0, 0.0, 1.8269066298193106], [0.0, 0.0, 1.0, -1.3056177937073858], [0.0, 0.0, 2.0, 2.2472670792757787], [1.0, 0.0, 2.0, -36.79682820666226], [0.0, 3.0, 0.0, -2.7129983386166123], [0.0, 2.0, 1.0, 3.121927654620664], [4.0, 0.0, 0.0, -566.9728316991705], [3.0, 1.0, 0.0, -42.67599209586809], [2.0, 0.0, 2.0, 132.09160444938325], [1.0, 3.0, 0.0, 14.344808985581283], [1.0, 2.0, 1.0, -17.748213557968594], [1.0, 0.0, 3.0, -17.014024899504516], [5.0, 0.0, 0.0, 2030.8257772753025], [4.0, 0.0, 1.0, -636.3379634297959], [2.0, 0.0, 3.0, 109.20645161247255], [1.0, 1.0, 3.0, -12.543213978717851], [1.0, 0.0, 4.0, 9.589402169761808]], "-2.1.0": [[0.0, 0.0, 0.0, 0.12964682117049103], [1.0, 0.0, 0.0, -1.1535139280498126], [0.0, 1.0, 0.0, -0.24527734546153174], [0.0, 0.0, 1.0, -0.23165567111115187], [2.0, 0.0, 0.0, 3.925517722661816], [1.0, 1.0, 0.0, 1.8534644168532304], [1.0, 0.0, 1.0, 1.8169968805790326], [0.0, 2.0, 0.0, 0.07881440921584498], [0.0, 1.0, 1.0, 0.18933531443751644], [0.0, 0.0, 2.0, 0.1374857263182284], [3.0, 0.0, 0.0, -4.870152545717986], [2.0, 1.0, 0.0, -4.417846375799459], [2.0, 0.0, 1.0, -4.3245893986498185], [1.0, 2.0, 0.0, -0.20363984292477857], [1.0, 1.0, 1.0, -0.5120370572306902], [1.0, 0.0, 2.0, -0.6250059462900783], [0.0, 3.0, 0.0, 0.019582050364319974], [0.0, 2.0, 1.0, -0.10012962438301545], [0.0, 0.0, 3.0, -0.02318585189018632]], "2.1.1": [[0.0, 0.0, 0.0, 14.057370519352464], [1.0, 0.0, 0.0, -21.069130438926706], [1.0, 1.0, 0.0, 18.543276312004128], [1.0, 0.0, 1.0, -67.63014083053973]], "3.3.0": [[0.0, 0.0, 0.0, 1.7482634621157942], [1.0, 0.0, 0.0, 1.9820425388000817], [0.0, 1.0, 0.0, 0.5513892094167234], [0.0, 0.0, 1.0, 0.4317090172665163], [0.0, 2.0, 0.0, 0.7543821647982984], [0.0, 0.0, 2.0, 0.09998201566864084], [2.0, 0.0, 1.0, -4.293371261698458], [1.0, 2.0, 0.0, -2.132615465768692], [0.0, 2.0, 1.0, 0.25988009692710407]], "3.3.1": [[0.0, 0.0, 0.0, -10.374433071363129], [0.0, 1.0, 0.0, 85.12491775386435], [0.0, 0.0, 1.0, 322.2602403812246], [2.0, 0.0, 0.0, 4844.8715460362855], [1.0, 1.0, 0.0, -988.0825898059771], [1.0, 0.0, 1.0, -5586.303618221766], [0.0, 2.0, 0.0, -78.66923009964633], [0.0, 1.0, 1.0, -373.1969702460672], [3.0, 0.0, 0.0, -38265.72984545363], [2.0, 1.0, 0.0, 2967.9240326732197], [2.0, 0.0, 1.0, 31741.64654525561], [1.0, 2.0, 0.0, 453.9490342620067], [1.0, 1.0, 1.0, 4124.316601198656], [0.0, 3.0, 0.0, 14.408017864031363], [0.0, 2.0, 1.0, 305.03642282524413], [4.0, 0.0, 0.0, 82526.69654559034], [3.0, 0.0, 1.0, -58261.98778244849], [2.0, 1.0, 1.0, -10662.011942648247], [1.0, 2.0, 1.0, -1446.0211832083232]], "3.2.0": [[0.0, 0.0, 0.0, 0.7695233770882406], [1.0, 0.0, 0.0, -3.307654838770159], [1.0, 1.0, 0.0, -1.4462523373272027], [3.0, 0.0, 0.0, -61.872594225127166], [2.0, 1.0, 0.0, 72.13753777348326], [2.0, 0.0, 1.0, -127.12270066304885], [1.0, 1.0, 1.0, -2.7685203674423966], [1.0, 0.0, 2.0, 0.3681367151878249], [0.0, 1.0, 2.0, -0.5064573175667161], [0.0, 0.0, 3.0, 0.5483334329539942], [4.0, 0.0, 0.0, 293.3986777825982], [3.0, 1.0, 0.0, -527.6349518968434], [3.0, 0.0, 1.0, 1109.889123306247], [2.0, 1.0, 1.0, 11.140274659904165], [1.0, 1.0, 2.0, 2.1800895090019528], [1.0, 0.0, 3.0, -2.023034540706387], [4.0, 1.0, 0.0, 1014.4079551477325], [4.0, 0.0, 1.0, -2407.3618406066116]], "4.4.0": [[0.0, 0.0, 0.0, 0.6504662214521397], [1.0, 0.0, 1.0, 2.978382125528008], [0.0, 1.0, 1.0, 0.4262222320094611], [3.0, 0.0, 0.0, 106.06082697555193], [2.0, 1.0, 0.0, 67.45359369837094], [2.0, 0.0, 1.0, -12.079757133302179], [1.0, 1.0, 1.0, -1.7377984863345914], [4.0, 0.0, 0.0, -2040.816261448726], [3.0, 1.0, 0.0, -614.1650609810955], [5.0, 0.0, 0.0, 5973.908481742639], [4.0, 1.0, 0.0, 1386.580736158164]], "5.5.0": [[0.0, 0.0, 0.0, 0.4019800137717519], [0.0, 0.0, 2.0, 0.11765998664554855], [2.0, 0.0, 1.0, 65.8485423091574], [4.0, 0.0, 0.0, -885.7019868932863], [3.0, 0.0, 1.0, -626.1336043953046], [5.0, 0.0, 0.0, 3532.056420698245], [4.0, 0.0, 1.0, 1494.6648396001724]]}, "phi": {"2.2.0": [0.0, 0.0, 0.0, 0.0], "-2.2.0": [[0.0, 0.0, 0.0, 13.142273875188625], [1.0, 0.0, 0.0, -31.892492885868656], [0.0, 1.0, 0.0, 5.247439670797828], [0.0, 0.0, 1.0, -3.8879739742558463], [1.0, 0.0, 1.0, 12.24357197431443], [0.0, 2.0, 0.0, 2.5712921617165314]], "2.2.1": [[0.0, 0.0, 0.0, 3.9179553896611656], [1.0, 0.0, 0.0, 30.681800389437594], [0.0, 1.0, 0.0, 1.6504407464258133], [0.0, 0.0, 1.0, 2.2505625391224235], [2.0, 0.0, 0.0, -196.82123040944938], [1.0, 1.0, 0.0, -15.936928810538298], [1.0, 0.0, 1.0, -35.85826217734206], [0.0, 2.0, 0.0, -0.2809367026438494], [0.0, 1.0, 1.0, -2.7966194528075228], [3.0, 0.0, 0.0, 324.5610355709597], [2.0, 1.0, 0.0, 32.04363262123481], [2.0, 0.0, 1.0, 106.95176269327601], [1.0, 1.0, 1.0, 11.190705385223776], [0.0, 3.0, 0.0, -0.24268639082819554]], "2.1.0": [[0.0, 0.0, 0.0, 3.7131832157164637], [1.0, 0.0, 0.0, 13.142757111931001], [0.0, 1.0, 0.0, -0.6354612570448399], [0.0, 0.0, 1.0, -0.41035540768564793], [2.0, 0.0, 0.0, -69.94017011616378], [1.0, 0.0, 1.0, 1.4668636648818536], [0.0, 2.0, 0.0, 0.6817710383364401], [0.0, 1.0, 1.0, -3.0182264389199425], [0.0, 0.0, 2.0, 0.6752619490486067], [3.0, 0.0, 0.0, 145.50669049162943], [2.0, 1.0, 0.0, -8.586070112332719], [1.0, 2.0, 0.0, -6.127411063772255], [1.0, 1.0, 1.0, 11.71549713636003], [1.0, 0.0, 2.0, -3.573231333035265], [0.0, 2.0, 1.0, -0.8430951813270373]], "-2.1.0": [[0.0, 0.0, 0.0, 9.191461475783655], [1.0, 0.0, 0.0, -21.013307212350945], [0.0, 1.0, 0.0, 3.9606779697703214], [2.0, 0.0, 0.0, 11.531286825193002], [1.0, 0.0, 1.0, -0.5382731124275364], [0.0, 2.0, 0.0, 3.0386655337623694], [0.0, 1.0, 1.0, 3.9052441022739677], [0.0, 0.0, 2.0, 0.8354621560231443], [1.0, 1.0, 1.0, -13.005203254161664], [0.0, 3.0, 0.0, 1.6001545860660933], [0.0, 1.0, 2.0, 1.9324774136223053]], "2.1.1": [[0.0, 0.0, 0.0, 2.841883532434241], [0.0, 1.0, 0.0, -0.535621131047671], [3.0, 0.0, 0.0, 27.406147612271845], [1.0, 2.0, 0.0, -4.771959353233669], [0.0, 2.0, 1.0, -3.900041050818159]],