{"A": {"2.2.0": [[0.0, 0.0, 0.0, 4.004136304106251], [0.0, 1.0, 0.0, 1.3494312343194603], [0.0, 0.0, 1.0, 0.33304721961909944], [2.0, 0.0, 0.0, -1.3248823875362192], [1.0, 0.0, 1.0, -1.3686366194756774], [0.0, 1.0, 1.0, 2.621545445735783], [2.0, 1.0, 0.0, -32.74453800936191], [1.0, 2.0, 0.0, 4.3132946086702315], [1.0, 1.0, 1.0, -25.183917682141804], [3.0, 1.0, 0.0, 83.36838564979537], [2.0, 2.0, 0.0, -13.393807290186459], [2.0, 1.0, 1.0, 58.00972636314447], [1.0, 3.0, 0.0, -0.3836605022742832], [0.0, 4.0, 0.0, -0.20752301737061765]], "-2.2.0": [[0.0, 0.0, 0.0, 0.0016567825749920183], [0.0, 0.0, 1.0, -0.07586426884354927], [1.0, 1.0, 0.0, 0.17616729339866322], [1.0, 0.0, 1.0, 1.3576708655300291], [0.0, 2.0, 0.0, 0.11033868616241156], [0.0, 0.0, 2.0, 0.13612983297585246], [3.0, 0.0, 0.0, -0.03407246229467067], [2.0, 1.0, 0.0, -2.1467723829719647], [2.0, 0.0, 1.0, -7.814220202036848], [1.0, 2.0, 0.0, -1.3341510075871266], [1.0, 0.0, 2.0, -1.295386740635012], [0.0, 3.0, 0.0, -0.09387366410005916], [0.0, 1.0, 2.0, -0.016741856952271688], [3.0, 1.0, 0.0, 5.869720757469546], [3.0, 0.0, 1.0, 14.405286322607473], [2.0, 2.0, 0.0, 3.323469366723353], [2.0, 0.0, 2.0, 2.9482901776403], [1.0, 3.0, 0.0, 0.14273322283283], [0.0, 4.0, 0.0, -0.03697531738381259]], "2.2.1": [[0.0, 0.0, 0.0, 15.455368388038412], [2.0, 0.0, 0.0, -406.97808546261797], [1.0, 1.0, 0.0, 55.42668678648362], [1.0, 0.0, 1.0, -413.5314095391416], [0.0, 2.0, 0.0, 14.820101130881852], [0.0, 1.0, 1.0, -65.07757984098559], [0.0, 0.0, 2.0, 17.99401526491108], [3.0, 0.0, 0.0, 1730.966534507386], [2.0, 0.0, 1.0, 4244.953759366885], [1.0, 1.0, 1.0, 876.8070274974581], [1.0, 0.0, 2.0, -72.06362726274259], [0.0, 3.0, 0.0, 11.461953333116059], [0.0, 1.0, 2.0, 101.15216623855936], [0.0, 0.0, 3.0, -2.499495864294242], [3.0, 0.0, 1.0, -10309.211892084373], [2.0, 1.0, 1.0, -2484.56107118199], [1.0, 1.0, 2.0, -399.9877228660321]], "2.1.0": [[0.0, 0.0, 0.0, 6.697107473269832], [1.0, 0.0, 0.0, -148.322860651379], [0.0, 0.0, 1.0, -1.0348638906287988], [2.0, 0.0, 0.0, 1602.8522076149827], [1.0, 1.0, 0.0, -0.9600428181974934], [0.0, 1.0, 1.0, 3.021615416963936], [0.0, 0.0, 2.0, -4.269946688477347], [3.0, 0.0, 0.0, -7387.759852842723], [2.0, 0.0, 1.0, -37.86995364190663], [1.0, 1.0, 1.0, -15.847915659269429], [4.0, 0.0, 0.0, 12058.026255560284], [1.0, 1.0, 2.0, -13.172967703445025], [1.0, 0.0, 3.0, 11.610532247794566], [0.0, 2.0, 2.0, -2.665791332432545], [0.0, 0.0, 4.0, 4.661188092057742], [NaN, NaN, 1.0, 0.9375942168771108]], "-2.1.0": [[0.0, 0.0, 0.0, 0.0867261583808189], [0.0, 1.0, 0.0, -0.28384975842676474], [0.0, 0.0, 1.0, -0.08817381326208451], [2.0, 0.0, 0.0, -10.785733435839006], [1.0, 1.0, 0.0, 2.237982518425019], [1.0, 0.0, 1.0, 0.35437735374143253], [0.0, 1.0, 1.0, 0.18704980881002287], [0.0, 0.0, 2.0, 0.2695913862349247], [3.0, 0.0, 0.0, 71.95277312503097], [2.0, 1.0, 0.0, -4.639192659575939], [1.0, 0.0, 2.0, -2.672948336575022], [0.0, 2.0, 1.0, -0.04592384455029526], [4.0, 0.0, 0.0, -138.5096725266012], [2.0, 1.0, 1.0, -3.1621319084832384], [2.0, 0.0, 2.0, 6.733976566111681]], "2.1.1": [[0.0, 0.0, 0.0, 13.846618074153543], [1.0, 0.0, 0.0, -48.229376307343905], [0.0, 0.0, 2.0, -6.000897130648944], [2.0, 0.0, 1.0, -671.1191811274833], [1.0, 0.0, 2.0, 45.03402976076849], [0.0, 1.0, 2.0, 9.536154543774547], [3.0, 0.0, 1.0, 2648.065742173957]], "3.3.0": [[0.0, 0.0, 0.0, 1.8196397783341398], [0.0, 1.0, 0.0, 0.6006604438583795], [0.0, 0.0, 1.0, 0.46532135281904674], [2.0, 0.0, 0.0, 16.489011446755452], [0.0, 1.0, 1.0, 0.9369325085463489], [0.0, 0.0, 2.0, -0.27006013973255044], [3.0, 0.0, 0.0, -53.16108184997854], [2.0, 0.0, 1.0, -4.200602438055302], [1.0, 2.0, 0.0, 2.179740626091992], [1.0, 1.0, 1.0, -6.288683425137951], [NaN, NaN, 1.0, 0.21154397403269343]], "3.3.1": [[0.0, 0.0, 0.0, 9.465657905644045], [1.0, 0.0, 0.0, -29.78064240200421], [0.0, 1.0, 0.0, -35.380273512037796], [1.0, 1.0, 0.0, 404.55084292928996], [1.0, 0.0, 1.0, 62.301212708032736], [0.0, 2.0, 0.0, 35.05508862163846], [0.0, 0.0, 2.0, 36.648785233072275], [2.0, 1.0, 0.0, -1021.2399667258393], [2.0, 0.0, 1.0, -264.2974787889428], [1.0, 2.0, 0.0, -122.01039478522436], [1.0, 0.0, 2.0, -155.20939480193377], [0.0, 2.0, 1.0, 18.102277405292106]], "3.2.0": [[0.0, 0.0, 0.0, 0.7695233770882406], [1.0, 0.0, 0.0, -3.307654838770159], [1.0, 1.0, 0.0, -1.4462523373272027], [3.0, 0.0, 0.0, -61.872594225127166], [2.0, 1.0, 0.0, 72.13753777348326], [2.0, 0.0, 1.0, -127.12270066304885], [1.0, 1.0, 1.0, -2.7685203674423966], [1.0, 0.0, 2.0, 0.3681367151878249], [0.0, 1.0, 2.0, -0.5064573175667161], [0.0, 0.0, 3.0, 0.5483334329539942], [4.0, 0.0, 0.0, 293.3986777825982], [3.0, 1.0, 0.0, -527.6349518968434], [3.0, 0.0, 1.0, 1109.889123306247], [2.0, 1.0, 1.0, 11.140274659904165], [1.0, 1.0, 2.0, 2.1800895090019528], [1.0, 0.0, 3.0, -2.023034540706387], [4.0, 1.0, 0.0, 1014.4079551477325], [4.0, 0.0, 1.0, -2407.3618406066116]], "4.4.0": [[0.0, 0.0, 0.0, 0.6504662214521397], [1.0, 0.0, 1.0, 2.978382125528008], [0.0, 1.0, 1.0, 0.4262222320094611], [3.0, 0.0, 0.0, 106.06082697555193], [2.0, 1.0, 0.0, 67.45359369837094], [2.0, 0.0, 1.0, -12.079757133302179], [1.0, 1.0, 1.0, -1.7377984863345914], [4.0, 0.0, 0.0, -2040.816261448726], [3.0, 1.0, 0.0, -614.1650609810955], [5.0, 0.0, 0.0, 5973.908481742639], [4.0, 1.0, 0.0, 1386.580736158164]], "5.5.0": [[0.0, 0.0, 0.0, -0.4310321759060142], [1.0, 0.0, 0.0, 21.233713654973805], [0.0, 1.0, 0.0, 0.24049438863909067], [0.0, 0.0, 1.0, 0.14272477735597278], [2.0, 0.0, 0.0, -175.8325932189716], [1.0, 1.0, 0.0, -2.0169111498653574], [0.0, 2.0, 0.0, 0.03272844784465967], [0.0, 0.0, 2.0, 0.24727504214622176], [3.0, 0.0, 0.0, 414.9364525252103], [1.0, 0.0, 2.0, -1.526465538960565], [0.0, 3.0, 0.0, 0.6688071228794472], [0.0, 2.0, 1.0, -1.8759473115823742], [0.0, 1.0, 2.0, 1.8151133649584024], [0.0, 0.0, 3.0, -0.48031703849380314], [NaN, NaN, 1.0, 0.040636447159328196]]}, "phi": {"2.2.0": [0.0, 0.0, 0.0, 0.0], "-2.2.0": [[0.0, 0.0, 0.0, 13.142273875188625], [1.0, 0.0, 0.0, -31.892492885868656], [0.0, 1.0, 0.0, 5.247439670797828], [0.0, 0.0, 1.0, -3.8879739742558463], [1.0, 0.0, 1.0, 12.24357197431443], [0.0, 2.0, 0.0, 2.5712921617165314]], "2.2.1": [[0.0, 0.0, 0.0, 3.9179553896611656], [1.0, 0.0, 0.0, 30.681800389437594], [0.0, 1.0, 0.0, 1.6504407464258133], [0.0, 0.0, 1.0, 2.2505625391224235], [2.0, 0.0, 0.0, -196.82123040944938], [1.0, 1.0, 0.0, -15.936928810538298], [1.0, 0.0, 1.0, -35.85826217734206], [0.0, 2.0, 0.0, -0.2809367026438494], [0.0, 1.0, 1.0, -2.7966194528075228], [3.0, 0.0, 0.0, 324.5610355709597], [2.0, 1.0, 0.0, 32.04363262123481], [2.0, 0.0, 1.0, 106.95176269327601], [1.0, 1.0, 1.0, 11.190705385223776], [0.0, 3.0, 0.0, -0.24268639082819554]], "2.1.0": [[0.0, 0.0, 0.0, 4.282187301503662], [1.0, 0.0, 0.0, 2.075051436233388], [0.0, 1.0, 0.0, -0.8583685933638248], [1.0, 0.0, 1.0, -5.039626120018045], [0.0, 1.0, 1.0, -1.6256354964937665], [2.0, 1.0, 0.0, -4.318943398939495], [2.0, 0.0, 1.0, 21.006463647028482], [1.0, 2.0, 0.0, -2.270061637775858], [1.0, 1.0, 1.0, 5.414103380021218]], "-2.1.0": [[0.0, 0.0, 0.0, 9.272839734781572], [1.0, 0.0, 0.0, -21.849485149806835], [0.0, 1.0, 0.0, 3.3731698660537095], [2.0, 0.0, 0.0, 14.028696123224254], [1.0, 1.0, 0.0, 7.8359655302351445], [1.0, 0.0, 1.0, -3.3039202580402565], [0.0, 2.0, 0.0, 3.543415293826527], [0.0, 1.0, 1.0, 3.424398818342385], [2.0, 1.0, 0.0, -22.06721670099186], [2.0, 0.0, 1.0, 15.317678541812162], [1.0, 1.0, 1.0, -11.253434339965942], [1.0, 0.0, 2.0, 4.089301588856773], [0.0, 3.0, 0.0, 2.10217170532695], [0.0, 1.0, 2.0, 1.5084646948089704]], "2.1.1": [[0.0, 0.0, 0.0, 3.362699699789743], [1.0, 0.0, 0.0, -6.907073232851304], [0.0, 1.0, 0.0, -5.203747798695058], [2.0, 0.0, 0.0, 26.97564133743774], [1.0, 1.0, 0.0, 41.15221309484567], [0.0, 2.0, 0.0, 2.266250283404823], [2.0, 1.0, 0.0, -88.85072991058384], [1.0, 2.0, 0.0, -13.285248312948394], [1.0, 0.0, 2.0, -0.861281771732471], [0.0, 3.0, 0.0, -1.7665824464404567], [0.0, 0.0, 3.0, -0.25255538681016454]],